,Key,Type
0,Metabolic pathways,1
1,Biosynthesis of secondary metabolites,1
2,Microbial metabolism in diverse environments,1
3,Carbon metabolism,1
4,2-Oxocarboxylic acid metabolism,1
5,Fatty acid metabolism,1
6,Biosynthesis of amino acids,1
7,Nucleotide metabolism,1
8,Biosynthesis of nucleotide sugars,1
9,Biosynthesis of cofactors,1
10,Degradation of aromatic compounds,1
11,Glycolysis / Gluconeogenesis,1
12,Citrate cycle (TCA cycle),1
13,Pentose phosphate pathway,1
14,Pentose and glucuronate interconversions,1
15,Fructose and mannose metabolism,1
16,Galactose metabolism,1
17,Ascorbate and aldarate metabolism,1
18,Starch and sucrose metabolism,1
19,Amino sugar and nucleotide sugar metabolism,1
20,Pyruvate metabolism,1
21,Glyoxylate and dicarboxylate metabolism,1
22,Propanoate metabolism,1
23,Butanoate metabolism,1
24,C5-Branched dibasic acid metabolism,1
25,Inositol phosphate metabolism,1
26,Oxidative phosphorylation,1
27,Photosynthesis,1
28,Photosynthesis - antenna proteins,1
29,Carbon fixation in photosynthetic organisms,1
30,Carbon fixation pathways in prokaryotes,1
31,Methane metabolism,1
32,Nitrogen metabolism,1
33,Sulfur metabolism,1
34,Fatty acid biosynthesis,1
35,Fatty acid elongation,1
36,Fatty acid degradation,1
37,"Cutin, suberine and wax biosynthesis",1
38,Steroid biosynthesis,1
39,Primary bile acid biosynthesis,1
40,Secondary bile acid biosynthesis,1
41,Steroid hormone biosynthesis,1
42,Glycerolipid metabolism,1
43,Glycerophospholipid metabolism,1
44,Ether lipid metabolism,1
45,Sphingolipid metabolism,1
46,Arachidonic acid metabolism,1
47,Linoleic acid metabolism,1
48,alpha-Linolenic acid metabolism,1
49,Biosynthesis of unsaturated fatty acids,1
50,Purine metabolism,1
51,Pyrimidine metabolism,1
52,"Alanine, aspartate and glutamate metabolism",1
53,"Glycine, serine and threonine metabolism",1
54,Cysteine and methionine metabolism,1
55,"Valine, leucine and isoleucine degradation",1
56,"Valine, leucine and isoleucine biosynthesis",1
57,Lysine biosynthesis,1
58,Lysine degradation,1
59,Arginine biosynthesis,1
60,Arginine and proline metabolism,1
61,Histidine metabolism,1
62,Tyrosine metabolism,1
63,Phenylalanine metabolism,1
64,Tryptophan metabolism,1
65,"Phenylalanine, tyrosine and tryptophan biosynthesis",1
66,beta-Alanine metabolism,1
67,Taurine and hypotaurine metabolism,1
68,Phosphonate and phosphinate metabolism,1
69,Selenocompound metabolism,1
70,Cyanoamino acid metabolism,1
71,D-Amino acid metabolism,1
72,Glutathione metabolism,1
73,N-Glycan biosynthesis,1
74,Various types of N-glycan biosynthesis,1
75,Mucin type O-glycan biosynthesis,1
76,Mannose type O-glycan biosynthesis,1
77,Other types of O-glycan biosynthesis,1
78,Glycosaminoglycan biosynthesis - chondroitin sulfate / dermatan sulfate,1
79,Glycosaminoglycan biosynthesis - heparan sulfate / heparin,1
80,Glycosaminoglycan biosynthesis - keratan sulfate,1
81,Glycosaminoglycan degradation,1
82,Glycosylphosphatidylinositol (GPI)-anchor biosynthesis,1
83,Glycosphingolipid biosynthesis - lacto and neolacto series,1
84,Glycosphingolipid biosynthesis - globo and isoglobo series,1
85,Glycosphingolipid biosynthesis - ganglio series,1
86,Lipopolysaccharide biosynthesis,1
87,O-Antigen repeat unit biosynthesis,1
88,O-Antigen nucleotide sugar biosynthesis,1
89,Peptidoglycan biosynthesis,1
90,Teichoic acid biosynthesis,1
91,Other glycan degradation,1
92,Lipoarabinomannan (LAM) biosynthesis,1
93,Arabinogalactan biosynthesis - Mycobacterium,1
94,Thiamine metabolism,1
95,Riboflavin metabolism,1
96,Vitamin B6 metabolism,1
97,Nicotinate and nicotinamide metabolism,1
98,Pantothenate and CoA biosynthesis,1
99,Biotin metabolism,1
100,Lipoic acid metabolism,1
101,Folate biosynthesis,1
102,One carbon pool by folate,1
103,Retinol metabolism,1
104,Porphyrin metabolism,1
105,Ubiquinone and other terpenoid-quinone biosynthesis,1
106,Terpenoid backbone biosynthesis,1
107,Monoterpenoid biosynthesis,1
108,Sesquiterpenoid and triterpenoid biosynthesis,1
109,Diterpenoid biosynthesis,1
110,Carotenoid biosynthesis,1
111,Brassinosteroid biosynthesis,1
112,Insect hormone biosynthesis,1
113,Zeatin biosynthesis,1
114,Limonene and pinene degradation,1
115,Geraniol degradation,1
116,Type I polyketide structures,1
117,"Biosynthesis of 12-, 14- and 16-membered macrolides",1
118,Biosynthesis of ansamycins,1
119,Biosynthesis of enediyne antibiotics,1
120,Biosynthesis of type II polyketide backbone,1
121,Biosynthesis of type II polyketide products,1
122,Tetracycline biosynthesis,1
123,Polyketide sugar unit biosynthesis,1
124,Nonribosomal peptide structures,1
125,Biosynthesis of siderophore group nonribosomal peptides,1
126,Biosynthesis of vancomycin group antibiotics,1
127,Phenylpropanoid biosynthesis,1
128,"Stilbenoid, diarylheptanoid and gingerol biosynthesis",1
129,Flavonoid biosynthesis,1
130,Flavone and flavonol biosynthesis,1
131,Anthocyanin biosynthesis,1
132,Isoflavonoid biosynthesis,1
133,Indole alkaloid biosynthesis,1
134,Indole diterpene alkaloid biosynthesis,1
135,Isoquinoline alkaloid biosynthesis,1
136,"Tropane, piperidine and pyridine alkaloid biosynthesis",1
137,Biosynthesis of various alkaloids,1
138,Caffeine metabolism,1
139,Betalain biosynthesis,1
140,Glucosinolate biosynthesis,1
141,Benzoxazinoid biosynthesis,1
142,Penicillin and cephalosporin biosynthesis,1
143,Carbapenem biosynthesis,1
144,Monobactam biosynthesis,1
145,Clavulanic acid biosynthesis,1
146,Streptomycin biosynthesis,1
147,"Neomycin, kanamycin and gentamicin biosynthesis",1
148,Acarbose and validamycin biosynthesis,1
149,Novobiocin biosynthesis,1
150,Staurosporine biosynthesis,1
151,Phenazine biosynthesis,1
152,Prodigiosin biosynthesis,1
153,Aflatoxin biosynthesis,1
154,Biosynthesis of various antibiotics,1
155,Biosynthesis of various plant secondary metabolites,1
156,Biosynthesis of various other secondary metabolites,1
157,Benzoate degradation,1
158,Aminobenzoate degradation,1
159,Fluorobenzoate degradation,1
160,Chloroalkane and chloroalkene degradation,1
161,Chlorocyclohexane and chlorobenzene degradation,1
162,Toluene degradation,1
163,Xylene degradation,1
164,Nitrotoluene degradation,1
165,Ethylbenzene degradation,1
166,Styrene degradation,1
167,Atrazine degradation,1
168,Caprolactam degradation,1
169,Bisphenol degradation,1
170,Dioxin degradation,1
171,Naphthalene degradation,1
172,Polycyclic aromatic hydrocarbon degradation,1
173,Furfural degradation,1
174,Steroid degradation,1
175,Metabolism of xenobiotics by cytochrome P450,1
176,Drug metabolism - cytochrome P450,1
177,Drug metabolism - other enzymes,1
178,Overview of biosynthetic pathways,1
179,Biosynthesis of plant secondary metabolites,1
180,Biosynthesis of phenylpropanoids,1
181,Biosynthesis of terpenoids and steroids,1
182,Biosynthesis of alkaloids derived from shikimate pathway,1
183,"Biosynthesis of alkaloids derived from ornithine, lysine and nicotinic acid",1
184,Biosynthesis of alkaloids derived from histidine and purine,1
185,Biosynthesis of alkaloids derived from terpenoid and polyketide,1
186,Biosynthesis of plant hormones,1
187,RNA polymerase,2
188,Basal transcription factors,2
189,Spliceosome,2
190,Ribosome,2
191,Aminoacyl-tRNA biosynthesis,2
192,Nucleocytoplasmic transport,2
193,mRNA surveillance pathway,2
194,Ribosome biogenesis in eukaryotes,2
195,Protein export,2
196,Protein processing in endoplasmic reticulum,2
197,SNARE interactions in vesicular transport,2
198,Ubiquitin mediated proteolysis,2
199,Sulfur relay system,2
200,Proteasome,2
201,RNA degradation,2
202,DNA replication,2
203,Base excision repair,2
204,Nucleotide excision repair,2
205,Mismatch repair,2
206,Homologous recombination,2
207,Non-homologous end-joining,2
208,Fanconi anemia pathway,2
209,Viral genome structure,2
210,Viral replication,2
211,Viral life cycle - HIV-1,2
212,ABC transporters,3
213,Phosphotransferase system (PTS),3
214,Bacterial secretion system,3
215,Two-component system,3
216,MAPK signaling pathway,3
217,MAPK signaling pathway - fly,3
218,MAPK signaling pathway - plant,3
219,MAPK signaling pathway - yeast,3
220,ErbB signaling pathway,3
221,Ras signaling pathway,3
222,Rap1 signaling pathway,3
223,Wnt signaling pathway,3
224,Notch signaling pathway,3
225,Hedgehog signaling pathway,3
226,Hedgehog signaling pathway - fly,3
227,TGF-beta signaling pathway,3
228,Hippo signaling pathway,3
229,Hippo signaling pathway - fly,3
230,Hippo signaling pathway - multiple species,3
231,VEGF signaling pathway,3
232,Apelin signaling pathway,3
233,JAK-STAT signaling pathway,3
234,NF-kappa B signaling pathway,3
235,TNF signaling pathway,3
236,HIF-1 signaling pathway,3
237,FoxO signaling pathway,3
238,Calcium signaling pathway,3
239,Phosphatidylinositol signaling system,3
240,Phospholipase D signaling pathway,3
241,Sphingolipid signaling pathway,3
242,cAMP signaling pathway,3
243,cGMP-PKG signaling pathway,3
244,PI3K-Akt signaling pathway,3
245,AMPK signaling pathway,3
246,mTOR signaling pathway,3
247,Plant hormone signal transduction,3
248,Neuroactive ligand-receptor interaction,3
249,Cytokine-cytokine receptor interaction,3
250,Viral protein interaction with cytokine and cytokine receptor,3
251,ECM-receptor interaction,3
252,Cell adhesion molecules,3
253,Endocytosis,4
254,Phagosome,4
255,Lysosome,4
256,Peroxisome,4
257,Autophagy - animal,4
258,Autophagy - yeast,4
259,Autophagy - other,4
260,Mitophagy - animal,4
261,Mitophagy - yeast,4
262,Cell cycle,4
263,Cell cycle - yeast,4
264,Cell cycle - Caulobacter,4
265,Meiosis - yeast,4
266,Oocyte meiosis,4
267,Apoptosis,4
268,Apoptosis - fly,4
269,Apoptosis - multiple species,4
270,Ferroptosis,4
271,Necroptosis,4
272,p53 signaling pathway,4
273,Cellular senescence,4
274,Focal adhesion,4
275,Adherens junction,4
276,Tight junction,4
277,Gap junction,4
278,Signaling pathways regulating pluripotency of stem cells,4
279,Quorum sensing,4
280,Biofilm formation - Vibrio cholerae,4
281,Biofilm formation - Pseudomonas aeruginosa,4
282,Biofilm formation - Escherichia coli,4
283,Bacterial chemotaxis,4
284,Flagellar assembly,4
285,Regulation of actin cytoskeleton,4
286,Hematopoietic cell lineage,5
287,Complement and coagulation cascades,5
288,Platelet activation,5
289,Neutrophil extracellular trap formation,5
290,Toll-like receptor signaling pathway,5
291,Toll and Imd signaling pathway,5
292,NOD-like receptor signaling pathway,5
293,RIG-I-like receptor signaling pathway,5
294,Cytosolic DNA-sensing pathway,5
295,C-type lectin receptor signaling pathway,5
296,Natural killer cell mediated cytotoxicity,5
297,Antigen processing and presentation,5
298,T cell receptor signaling pathway,5
299,Th1 and Th2 cell differentiation,5
300,Th17 cell differentiation,5
301,IL-17 signaling pathway,5
302,B cell receptor signaling pathway,5
303,Fc epsilon RI signaling pathway,5
304,Fc gamma R-mediated phagocytosis,5
305,Leukocyte transendothelial migration,5
306,Intestinal immune network for IgA production,5
307,Chemokine signaling pathway,5
308,Insulin secretion,5
309,Insulin signaling pathway,5
310,Glucagon signaling pathway,5
311,Regulation of lipolysis in adipocytes,5
312,Adipocytokine signaling pathway,5
313,PPAR signaling pathway,5
314,GnRH secretion,5
315,GnRH signaling pathway,5
316,Ovarian steroidogenesis,5
317,Estrogen signaling pathway,5
318,Progesterone-mediated oocyte maturation,5
319,Prolactin signaling pathway,5
320,Oxytocin signaling pathway,5
321,Relaxin signaling pathway,5
322,"Growth hormone synthesis, secretion and action",5
323,Thyroid hormone synthesis,5
324,Thyroid hormone signaling pathway,5
325,"Parathyroid hormone synthesis, secretion and action",5
326,Melanogenesis,5
327,Renin secretion,5
328,Renin-angiotensin system,5
329,Aldosterone synthesis and secretion,5
330,Cortisol synthesis and secretion,5
331,Cardiac muscle contraction,5
332,Adrenergic signaling in cardiomyocytes,5
333,Vascular smooth muscle contraction,5
334,Salivary secretion,5
335,Gastric acid secretion,5
336,Pancreatic secretion,5
337,Bile secretion,5
338,Carbohydrate digestion and absorption,5
339,Protein digestion and absorption,5
340,Fat digestion and absorption,5
341,Cholesterol metabolism,5
342,Vitamin digestion and absorption,5
343,Mineral absorption,5
344,Vasopressin-regulated water reabsorption,5
345,Aldosterone-regulated sodium reabsorption,5
346,Endocrine and other factor-regulated calcium reabsorption,5
347,Proximal tubule bicarbonate reclamation,5
348,Collecting duct acid secretion,5
349,Glutamatergic synapse,5
350,GABAergic synapse,5
351,Cholinergic synapse,5
352,Dopaminergic synapse,5
353,Serotonergic synapse,5
354,Long-term potentiation,5
355,Long-term depression,5
356,Retrograde endocannabinoid signaling,5
357,Synaptic vesicle cycle,5
358,Neurotrophin signaling pathway,5
359,Phototransduction,5
360,Phototransduction - fly,5
361,Olfactory transduction,5
362,Taste transduction,5
363,Inflammatory mediator regulation of TRP channels,5
364,Dorso-ventral axis formation,5
365,Axon guidance,5
366,Axon regeneration,5
367,Osteoclast differentiation,5
368,Longevity regulating pathway,5
369,Longevity regulating pathway - worm,5
370,Longevity regulating pathway - multiple species,5
371,Circadian rhythm,5
372,Circadian entrainment,5
373,Circadian rhythm - fly,5
374,Circadian rhythm - plant,5
375,Thermogenesis,5
376,Plant-pathogen interaction,5
377,Pathways in cancer,6
378,Transcriptional misregulation in cancer,6
379,MicroRNAs in cancer,6
380,Proteoglycans in cancer,6
381,Chemical carcinogenesis - DNA adducts,6
382,Chemical carcinogenesis - receptor activation,6
383,Chemical carcinogenesis - reactive oxygen species,6
384,Viral carcinogenesis,6
385,Central carbon metabolism in cancer,6
386,Choline metabolism in cancer,6
387,PD-L1 expression and PD-1 checkpoint pathway in cancer,6
388,Colorectal cancer,6
389,Pancreatic cancer,6
390,Hepatocellular carcinoma,6
391,Gastric cancer,6
392,Glioma,6
393,Thyroid cancer,6
394,Acute myeloid leukemia,6
395,Chronic myeloid leukemia,6
396,Basal cell carcinoma,6
397,Melanoma,6
398,Renal cell carcinoma,6
399,Bladder cancer,6
400,Prostate cancer,6
401,Endometrial cancer,6
402,Breast cancer,6
403,Small cell lung cancer,6
404,Non-small cell lung cancer,6
405,Human T-cell leukemia virus 1 infection,6
406,Human immunodeficiency virus 1 infection,6
407,Hepatitis B,6
408,Hepatitis C,6
409,Coronavirus disease - COVID-19,6
410,Influenza A,6
411,Measles,6
412,Herpes simplex virus 1 infection,6
413,Human cytomegalovirus infection,6
414,Kaposi sarcoma-associated herpesvirus infection,6
415,Epstein-Barr virus infection,6
416,Human papillomavirus infection,6
417,Vibrio cholerae infection,6
418,Epithelial cell signaling in Helicobacter pylori infection,6
419,Pathogenic Escherichia coli infection,6
420,Salmonella infection,6
421,Shigellosis,6
422,Yersinia infection,6
423,Pertussis,6
424,Legionellosis,6
425,Staphylococcus aureus infection,6
426,Tuberculosis,6
427,Bacterial invasion of epithelial cells,6
428,Amoebiasis,6
429,Malaria,6
430,Toxoplasmosis,6
431,Leishmaniasis,6
432,Chagas disease,6
433,African trypanosomiasis,6
434,Asthma,6
435,Systemic lupus erythematosus,6
436,Rheumatoid arthritis,6
437,Autoimmune thyroid disease,6
438,Inflammatory bowel disease,6
439,Allograft rejection,6
440,Graft-versus-host disease,6
441,Primary immunodeficiency,6
442,Alzheimer disease,6
443,Parkinson disease,6
444,Amyotrophic lateral sclerosis,6
445,Huntington disease,6
446,Spinocerebellar ataxia,6
447,Prion disease,6
448,Pathways of neurodegeneration - multiple diseases,6
449,Cocaine addiction,6
450,Amphetamine addiction,6
451,Morphine addiction,6
452,Nicotine addiction,6
453,Alcoholism,6
454,Lipid and atherosclerosis,6
455,Fluid shear stress and atherosclerosis,6
456,Hypertrophic cardiomyopathy,6
457,Arrhythmogenic right ventricular cardiomyopathy,6
458,Dilated cardiomyopathy,6
459,Diabetic cardiomyopathy,6
460,Viral myocarditis,6
461,Type II diabetes mellitus,6
462,Type I diabetes mellitus,6
463,Maturity onset diabetes of the young,6
464,Alcoholic liver disease,6
465,Non-alcoholic fatty liver disease,6
466,Insulin resistance,6
467,AGE-RAGE signaling pathway in diabetic complications,6
468,Cushing syndrome,6
469,beta-Lactam resistance,6
470,Vancomycin resistance,6
471,Cationic antimicrobial peptide (CAMP) resistance,6
472,EGFR tyrosine kinase inhibitor resistance,6
473,Platinum drug resistance,6
474,Antifolate resistance,6
475,Endocrine resistance,6
476,Penicillins,7
477,Cephalosporins - parenteral agents,7
478,Cephalosporins - oral agents,7
479,Aminoglycosides,7
480,Tetracyclines,7
481,Macrolides and ketolides,7
482,Quinolones,7
483,Rifamycins,7
484,Antifungal agents,7
485,Antiviral agents,7
486,Anti-HIV agents,7
487,Antineoplastics - alkylating agents,7
488,Antineoplastics - antimetabolic agents,7
489,Antineoplastics - agents from natural products,7
490,Antineoplastics - hormones,7
491,Antineoplastics - protein kinase inhibitors,7
492,Hypnotics,7
493,Anxiolytics,7
494,Anticonvulsants,7
495,Local analgesics,7
496,Opioid analgesics,7
497,Antipsychotics,7
498,Antipsychotics - phenothiazines,7
499,Antipsychotics - butyrophenones,7
500,Antidepressants,7
501,Agents for Alzheimer-type dementia,7
502,Antiparkinsonian agents,7
503,Sulfonamide derivatives - overview,7
504,Sulfonamide derivatives - sulfa drugs,7
505,Sulfonamide derivatives - diuretics,7
506,Sulfonamide derivatives - hypoglycemic agents,7
507,Antiarrhythmic drugs,7
508,Antiulcer drugs,7
509,Immunosuppressive agents,7
510,Osteoporosis drugs,7
511,Antimigraines,7
512,Antithrombosis agents,7
513,Antirheumatics - DMARDs and biological agents,7
514,Antidiabetics,7
515,Antidyslipidemic agents,7
516,Antiglaucoma agents,7
517,Cholinergic and anticholinergic drugs,7
518,alpha-Adrenergic receptor agonists/antagonists,7
519,beta-Adrenergic receptor agonists/antagonists,7
520,Dopamine receptor agonists/antagonists,7
521,Histamine H1 receptor antagonists,7
522,Histamine H2/H3 receptor agonists/antagonists,7
523,Serotonin receptor agonists/antagonists,7
524,Eicosanoid receptor agonists/antagonists,7
525,Opioid receptor agonists/antagonists,7
526,Angiotensin receptor and endothelin receptor antagonists,7
527,Glucocorticoid and mineralocorticoid receptor agonists/antagonists,7
528,"Progesterone, androgen and estrogen receptor agonists/antagonists",7
529,Retinoic acid receptor (RAR) and retinoid X receptor (RXR) agonists/antagonists,7
530,Peroxisome proliferator-activated receptor (PPAR) agonists,7
531,Nicotinic cholinergic receptor antagonists,7
532,GABA-A receptor agonists/antagonists,7
533,Calcium channel blocking drugs,7
534,Sodium channel blocking drugs,7
535,Potassium channel blocking and opening drugs,7
536,N-Methyl-D-aspartic acid (NMDA) receptor antagonists,7
537,Ion transporter inhibitors,7
538,Neurotransmitter transporter inhibitors,7
539,Catecholamine transferase inhibitors,7
540,Cyclooxygenase inhibitors,7
541,HMG-CoA reductase inhibitors,7
542,Renin-angiotensin system inhibitors,7
543,HIV protease inhibitors,7
544,Quinolines,7
545,Eicosanoids,7
546,Prostaglandins,7
547,Benzoic acid family,7
548,"1,2-Diphenyl substitution family",7
549,Naphthalene family,7
550,Benzodiazepine family,7
